slot_name,left_overhang,right_overhang,enzyme,left_addition,right_addition,extra_avoided_sites,description
p1,TAGG,ATGG,BsmBI,,,,For slot p1 of the EMMA standard
p2,ATGG,GACT,BsmBI,,,,For slot p2 of the EMMA standard
p3,GACT,GGAC,BsmBI,,,,For slot p3 of the EMMA standard
p4,GGAC,TCCG,BsmBI,,,,For slot p4 of the EMMA standard
p5,TCCG,CCAG,BsmBI,,,,For slot p5 of the EMMA standard
p6,CCAG,CAGC,BsmBI,,,,For slot p6 of the EMMA standard
p7,CAGC,AGGC,BsmBI,,GG,,For slot p7 of the EMMA standard
p8,AGGC,GCGT,BsmBI,,,,For slot p8 of the EMMA standard
p8a,AGGC,ATCC,BsmBI,,,,For slot p8a of the EMMA standard
p8b,ATCC,GCGT,BsmBI,,,,For slot p8b of the EMMA standard
p9,GCGT,TGCT,BsmBI,CA,,,For slot p9 of the EMMA standard
p10,TGCT,GGTA,BsmBI,,,,For slot p10 of the EMMA standard
p11,GGTA,CGTC,BsmBI,,,,For slot p11 of the EMMA standard
p12,CGTC,TCAC,BsmBI,,,,For slot p12 of the EMMA standard
p13,TCAC,CTAC,BsmBI,,,,For slot p13 of the EMMA standard
p14,CTAC,GCAA,BsmBI,,,,For slot p14 of the EMMA standard
p15,GCAA,CCCT,BsmBI,,,,For slot p15 of the EMMA standard
p16,CCCT,GCTC,BsmBI,,,,For slot p16 of the EMMA standard
p17,GCTC,CGGT,BsmBI,,,,For slot p17 of the EMMA standard
p18,CGGT,GTGC,BsmBI,,,,For slot p18 of the EMMA standard
p19,GTGC,AGCG,BsmBI,,,,For slot p19 of the EMMA standard
p20,AGCG,TGGA,BsmBI,,,,For slot p20 of the EMMA standard
p21,TGGA,GTTG,BsmBI,,,,For slot p21 of the EMMA standard
p22,GTTG,CGAA,BsmBI,,,,For slot p22 of the EMMA standard
p23,CGAA,CACG,BsmBI,,,,For slot p23 of the EMMA standard
p24,CACG,ACTG,BsmBI,,,,For slot p24 of the EMMA standard
p25,ACTG,ACGA,BsmBI,,,,For slot p25 of the EMMA standard
